Date,Industrial production,CFNAI Index,Manufacturing ISM,Manufacturing ISM - Price Paid,Service ISM,Service ISM - Price Paid,US Retail Sales,Industrial production_growth,US Retail Sales_growth,CFNAI Index_chg,Manufacturing ISM_chg,Manufacturing ISM - Price Paid_chg,Service ISM_chg,Service ISM - Price Paid_chg
1997-07-31,80.6624,0.65,57.7,57.7,62.0,53.3,245219.0,0.8505942659710574,0.1987954552123894,0.27,2.8000000000000043,2.8000000000000043,5.299999999999997,2.3999999999999986
1997-08-31,81.4694,0.29,56.3,56.3,56.2,53.1,245587.0,0.9954946093585422,0.14995744508455697,-0.36000000000000004,-1.4000000000000057,-1.4000000000000057,-5.799999999999997,-0.19999999999999574
1997-09-30,82.2156,0.63,53.9,53.9,56.6,53.1,245438.0,0.9117575456574147,-0.060689376130870276,0.34,-2.3999999999999986,-2.3999999999999986,0.3999999999999986,0.0
1997-10-31,82.9446,0.44,56.4,56.4,58.5,54.3,247150.0,0.8827849981995333,0.6951070238307113,-0.19,2.5,2.5,1.8999999999999986,1.1999999999999957
1997-11-30,83.5978,0.6,55.7,55.7,55.5,54.9,247770.0,0.7844288895028653,0.250545673776713,0.15999999999999998,-0.6999999999999957,-0.6999999999999957,-3.0,0.6000000000000014
1997-12-31,83.9538,0.05,54.5,54.5,57.0,52.7,248809.0,0.4249443582916469,0.4184637353479468,-0.5499999999999999,-1.2000000000000028,-1.2000000000000028,1.5,-2.1999999999999957
1998-01-31,84.3218,0.31,53.8,53.8,56.2,51.6,249499.0,0.4373784275947398,0.27693733232944356,0.26,-0.7000000000000028,-0.7000000000000028,-0.7999999999999972,-1.1000000000000014
1998-02-28,84.4583,0.33,52.9,52.9,54.7,47.9,252034.0,0.1617489618267879,1.010909187786456,0.020000000000000018,-0.8999999999999986,-0.8999999999999986,-1.5,-3.700000000000003
1998-03-31,84.488,-0.01,52.9,52.9,54.9,46.8,255673.0,0.03515910121257895,1.4335285185287119,-0.34,0.0,0.0,0.19999999999999574,-1.1000000000000014
1998-04-30,84.7779,0.24,52.2,52.2,56.2,47.2,256735.0,0.34253831806135926,0.4145140281272704,0.25,-0.6999999999999957,-0.6999999999999957,1.3000000000000043,0.4000000000000057
1998-05-31,85.3367,0.28,50.9,50.9,55.1,45.5,258998.0,0.6569712533411788,0.8775915150067494,0.040000000000000036,-1.3000000000000043,-1.3000000000000043,-1.1000000000000014,-1.7000000000000028
1998-06-30,84.8248,-0.44,48.9,48.9,55.8,47.0,256455.0,-0.6016655286145735,-0.9867129038818593,-0.72,-2.0,-2.0,0.6999999999999957,1.5
1998-07-31,84.4986,-0.47,49.2,49.2,53.5,47.9,254924.0,-0.38529866935137325,-0.5987749102956144,-0.02999999999999997,0.30000000000000426,0.30000000000000426,-2.299999999999997,0.8999999999999986
1998-08-31,86.248,1.06,49.3,49.3,55.0,46.2,258115.0,2.0491901058277615,1.2439760524525345,1.53,0.09999999999999432,0.09999999999999432,1.5,-1.6999999999999957
1998-09-30,86.2021,-0.01,48.7,48.7,53.8,49.3,262388.0,-0.05323279149609439,1.6419102272138966,-1.07,-0.5999999999999943,-0.5999999999999943,-1.2000000000000028,3.0999999999999943
1998-10-31,86.7914,0.28,48.7,48.7,52.6,47.3,264495.0,0.6812999094851667,0.7998023211105985,0.29000000000000004,0.0,0.0,-1.1999999999999957,-2.0
1998-11-30,86.7256,0.05,48.2,48.2,52.9,48.5,267097.0,-0.07584271645323297,0.9789540776433214,-0.23000000000000004,-0.5,-0.5,0.29999999999999716,1.2000000000000028
1998-12-31,87.1185,0.25,46.8,46.8,55.6,47.0,267702.0,0.45201495934505925,0.22625332436514078,0.2,-1.4000000000000057,-1.4000000000000057,2.700000000000003,-1.5
1999-01-31,87.4949,0.11,50.6,50.6,54.4,45.5,271114.0,0.43112451049789463,1.2664975083879948,-0.14,3.8000000000000043,3.8000000000000043,-1.2000000000000028,-1.5
1999-02-28,88.027,0.53,51.7,51.7,55.3,48.9,272371.0,0.6063079650346991,0.46257108893751747,0.42000000000000004,1.1000000000000014,1.1000000000000014,0.8999999999999986,3.3999999999999986
1999-03-31,88.2267,-0.08,52.4,52.4,55.5,51.4,271441.0,0.22660526894455305,-0.34203029967394644,-0.61,0.6999999999999957,0.6999999999999957,0.20000000000000284,2.5
1999-04-30,88.4295,0.0,52.3,52.3,55.3,52.9,274224.0,0.22959860915069005,1.0200486125619577,0.08,-0.10000000000000142,-0.10000000000000142,-0.20000000000000284,1.5
1999-05-31,88.9886,0.56,54.3,54.3,56.7,53.2,274868.0,0.6302647258384999,0.2345691779477667,0.56,2.0,2.0,1.4000000000000057,0.30000000000000426
1999-06-30,88.9188,-0.08,55.8,55.8,56.2,57.7,275879.0,-0.07846779120085433,0.36713813624367236,-0.64,1.5,1.5,-0.5,4.5
1999-07-31,89.4333,0.18,53.6,53.6,56.4,58.9,277943.0,0.5769502318011012,0.7453692904534853,0.26,-2.1999999999999957,-2.1999999999999957,0.19999999999999574,1.1999999999999957
1999-08-31,89.7924,0.34,54.8,54.8,56.2,64.2,278081.0,0.40072431636249917,0.04963814613524528,0.16000000000000003,1.1999999999999957,1.1999999999999957,-0.19999999999999574,5.300000000000004
1999-09-30,89.4299,-0.2,57.0,57.0,57.6,58.9,278354.0,-0.4045261045452114,0.09812467652275997,-0.54,2.200000000000003,2.200000000000003,1.3999999999999986,-5.300000000000004
1999-10-31,90.523,0.75,57.2,57.2,54.9,61.0,281959.0,1.2148883898798781,1.2867985373784925,0.95,0.20000000000000284,0.20000000000000284,-2.700000000000003,2.1000000000000014
1999-11-30,90.9618,0.36,58.1,58.1,56.9,60.5,286783.0,0.48356761014250027,1.6964161915689242,-0.39,0.8999999999999986,0.8999999999999986,2.0,-0.5
1999-12-31,91.6634,0.6,57.8,57.8,56.6,61.4,283897.0,0.7683533835146547,-1.0114335890718693,0.24,-0.30000000000000426,-0.30000000000000426,-0.29999999999999716,0.8999999999999986
2000-01-31,91.538,0.16,56.7,56.7,56.2,66.5,286825.0,-0.13689853853143383,1.0260777363205258,-0.43999999999999995,-1.0999999999999943,-1.0999999999999943,-0.3999999999999986,5.100000000000001
2000-02-29,91.8239,-0.23,55.8,55.8,57.4,68.6,287628.0,0.311842571099073,0.2795704863646997,-0.39,-0.9000000000000057,-0.9000000000000057,1.1999999999999957,2.0999999999999943
2000-03-31,92.1504,0.44,54.9,54.9,58.0,65.0,284052.0,0.35494125296792517,-1.251065855659963,0.67,-0.8999999999999986,-0.8999999999999986,0.6000000000000014,-3.5999999999999943
2000-04-30,92.6989,0.42,54.7,54.7,57.7,64.2,284699.0,0.5934581411047356,0.22751618163031184,-0.020000000000000018,-0.19999999999999574,-0.19999999999999574,-0.29999999999999716,-0.7999999999999972
2000-05-31,92.9499,-0.35,53.2,53.2,56.9,65.0,285397.0,0.2704032053406759,0.2448711616213005,-0.77,-1.5,-1.5,-0.8000000000000043,0.7999999999999972
2000-06-30,92.9862,0.13,51.4,51.4,55.3,62.1,284194.0,0.03904567263825654,-0.42240898776622005,0.48,-1.8000000000000043,-1.8000000000000043,-1.6000000000000014,-2.8999999999999986
2000-07-31,92.8048,-0.29,52.5,52.5,57.6,59.2,286292.0,-0.19527324535884188,0.7355165449127,-0.42,1.1000000000000014,1.1000000000000014,2.3000000000000043,-2.8999999999999986
2000-08-31,92.5521,-0.36,49.9,49.9,56.7,62.1,289032.0,-0.27266333927551173,0.9525139630053282,-0.07,-2.6000000000000014,-2.6000000000000014,-0.8999999999999986,2.8999999999999986
2000-09-30,92.9792,0.36,49.7,49.7,56.7,63.7,288634.0,0.46040830248799314,-0.13779591077748068,0.72,-0.19999999999999574,-0.19999999999999574,0.0,1.6000000000000014
2000-10-31,92.6179,-0.52,48.7,48.7,56.2,60.9,287286.0,-0.38933847177072334,-0.4681214271584938,-0.88,-1.0,-1.0,-0.5,-2.8000000000000043
2000-11-30,92.6438,-0.36,48.5,48.5,54.0,63.5,287351.0,0.02796044748454494,0.022622977732813597,0.16000000000000003,-0.20000000000000284,-0.20000000000000284,-2.200000000000003,2.6000000000000014
2000-12-31,92.3415,-0.27,43.9,43.9,51.6,61.8,288793.0,-0.32683707203065376,0.5005703473517074,0.08999999999999997,-4.600000000000001,-4.600000000000001,-2.3999999999999986,-1.7000000000000028
2001-01-31,91.902,-0.66,42.3,42.3,51.3,58.1,288740.0,-0.4770869350923317,-0.018353929610522873,-0.39,-1.6000000000000014,-1.6000000000000014,-0.30000000000000426,-3.6999999999999957
2001-02-28,91.3034,-0.56,42.1,42.1,50.7,55.8,286786.0,-0.6534765134370768,-0.679033617255136,0.09999999999999998,-0.19999999999999574,-0.19999999999999574,-0.5999999999999943,-2.3000000000000043
2001-03-31,91.1162,-0.69,43.1,43.1,48.3,53.8,291588.0,-0.20524117552426385,1.6605553995233815,-0.1299999999999999,1.0,1.0,-2.4000000000000057,-2.0
2001-04-30,90.7891,-0.89,42.7,42.7,49.0,58.5,290438.0,-0.3596380672338287,-0.3951718639856758,-0.20000000000000007,-0.3999999999999986,-0.3999999999999986,0.7000000000000028,4.700000000000003
2001-05-31,90.3555,-0.42,41.3,41.3,50.1,54.5,289012.0,-0.4787344785631192,-0.49219186427473743,0.47000000000000003,-1.4000000000000057,-1.4000000000000057,1.1000000000000014,-4.0
2001-06-30,89.8784,-0.92,43.2,43.2,48.1,49.9,289654.0,-0.5294243917337967,0.221889747594484,-0.5,1.9000000000000057,1.9000000000000057,-2.0,-4.600000000000001
2001-07-31,89.3028,-0.52,43.5,43.5,46.9,48.9,292418.0,-0.6424803271452068,0.9497178270746939,0.4,0.29999999999999716,0.29999999999999716,-1.2000000000000028,-1.0
2001-08-31,89.2003,-0.42,46.3,46.3,49.5,50.2,286209.0,-0.1148439565091319,-2.1461972319639746,0.10000000000000003,2.799999999999997,2.799999999999997,2.6000000000000014,1.3000000000000043
2001-09-30,88.7485,-1.12,46.2,46.2,44.8,43.4,308752.0,-0.5077876004763502,7.581605248520116,-0.7000000000000002,-0.09999999999999432,-0.09999999999999432,-4.700000000000003,-6.800000000000004
2001-10-31,88.5052,-0.18,40.8,40.8,48.2,41.3,302562.0,-0.27452194543419073,-2.025215050657815,0.9400000000000002,-5.400000000000006,-5.400000000000006,3.4000000000000057,-2.1000000000000014
2001-11-30,87.97,-0.81,44.1,44.1,49.7,42.3,299498.0,-0.6065460085319009,-1.0178475410541568,-0.6300000000000001,3.3000000000000043,3.3000000000000043,1.5,1.0
2001-12-31,87.9324,-0.32,45.3,45.3,48.9,48.8,298982.0,-0.04275098074007238,-0.17243688272231908,0.49000000000000005,1.1999999999999957,1.1999999999999957,-0.8000000000000043,6.5
2002-01-31,88.5176,-0.05,47.5,47.5,52.7,47.6,300554.0,0.6633064841170301,0.5244067420572657,0.27,2.200000000000003,2.200000000000003,3.8000000000000043,-1.1999999999999957
2002-02-28,88.5278,-0.1,50.7,50.7,52.8,49.2,298334.0,0.01152246826099873,-0.7413774089109252,-0.05,3.200000000000003,3.200000000000003,0.09999999999999432,1.6000000000000014
2002-03-31,89.1686,-0.03,52.4,52.4,53.5,53.7,301104.0,0.7212332694922952,0.9242055781376738,0.07,1.6999999999999957,1.6999999999999957,0.7000000000000028,4.5
2002-04-30,89.604,0.16,52.4,52.4,54.8,55.2,297310.0,0.48710021656791713,-1.2680354526270663,0.19,0.0,0.0,1.2999999999999972,1.5
2002-05-31,89.964,0.07,53.1,53.1,52.5,53.1,299880.0,0.4009628467360337,0.8607029138634767,-0.09,0.7000000000000028,0.7000000000000028,-2.299999999999997,-2.1000000000000014
2002-06-30,90.7061,0.29,53.6,53.6,50.4,60.5,302888.0,0.8215019236448063,0.9980705578229723,0.21999999999999997,0.5,0.5,-2.1000000000000014,7.399999999999999
2002-07-31,90.6769,-0.27,50.2,50.2,50.9,55.1,305034.0,-0.03219706395004759,0.7060145591234974,-0.56,-3.3999999999999986,-3.3999999999999986,0.5,-5.399999999999999
2002-08-31,90.5762,-0.07,50.3,50.3,52.3,53.4,300049.0,-0.11111535235631594,-1.6477451152228078,0.2,0.09999999999999432,0.09999999999999432,1.3999999999999986,-1.7000000000000028
2002-09-30,90.6531,-0.34,50.5,50.5,51.4,56.1,301213.0,0.08486486965993494,0.3871861032815942,-0.27,0.20000000000000284,0.20000000000000284,-0.8999999999999986,2.700000000000003
2002-10-31,90.4643,-0.35,49.0,49.0,52.9,57.6,303290.0,-0.20848363369350345,0.6871787809961645,-0.009999999999999953,-1.5,-1.5,1.5,1.5
2002-11-30,90.9711,0.15,48.5,48.5,52.3,56.5,306477.0,0.5586575917318194,1.0453268282656176,0.5,-0.5,-0.5,-0.6000000000000014,-1.1000000000000014
2002-12-31,90.4652,-0.59,51.6,51.6,53.3,58.0,306539.0,-0.5576627290919478,0.020227857090647845,-0.74,3.1000000000000014,3.1000000000000014,1.0,1.5
2003-01-31,91.2361,0.39,51.3,51.3,52.6,60.5,299959.0,0.8485405723899884,-2.169919169864335,0.98,-0.30000000000000426,-0.30000000000000426,-0.6999999999999957,2.5
2003-02-28,91.3445,-0.46,48.8,48.8,49.1,59.4,305375.0,0.11874209279268255,1.7894730928110003,-0.8500000000000001,-2.5,-2.5,-3.5,-1.1000000000000014
2003-03-31,91.1044,-0.18,46.3,46.3,50.1,55.7,307497.0,-0.263197134762851,0.692480152351605,0.28,-2.5,-2.5,1.0,-3.6999999999999957
2003-04-30,90.5617,-0.63,46.1,46.1,52.8,50.0,310684.0,-0.5974715309085648,1.031098735105036,-0.45,-0.19999999999999574,-0.19999999999999574,2.6999999999999957,-5.700000000000003
2003-05-31,90.537,0.01,49.0,49.0,54.3,52.3,314105.0,-0.027277943080935983,1.0951006462725734,0.64,2.8999999999999986,2.8999999999999986,1.5,2.299999999999997
2003-06-30,90.6527,0.14,49.0,49.0,57.3,51.4,316203.0,0.12771147115509307,0.6657087481201448,0.13,0.0,0.0,3.0,-0.8999999999999986
2003-07-31,91.1185,0.09,51.0,51.0,59.1,56.1,319749.0,0.5125135550598797,1.1151900614348274,-0.05000000000000002,2.0,2.0,1.8000000000000043,4.700000000000003
2003-08-31,90.9197,-0.15,53.2,53.2,57.6,59.5,316528.0,-0.21841578199743145,-1.012460772501025,-0.24,2.200000000000003,2.200000000000003,-1.5,3.3999999999999986
2003-09-30,91.5059,0.35,52.4,52.4,58.7,57.2,316253.0,0.6426751702139123,-0.08691791229917063,0.5,-0.8000000000000043,-0.8000000000000043,1.1000000000000014,-2.299999999999997
2003-10-31,91.6186,0.14,55.2,55.2,57.5,58.5,320332.0,0.12308567584179511,1.2815431799870483,-0.20999999999999996,2.8000000000000043,2.8000000000000043,-1.2000000000000028,1.2999999999999972
2003-11-30,92.2329,0.48,58.4,58.4,56.8,61.1,319000.0,0.6682592049196556,-0.4166855177770352,0.33999999999999997,3.1999999999999957,3.1999999999999957,-0.7000000000000028,2.6000000000000014
2003-12-31,92.2602,0.04,60.1,60.1,61.2,62.2,318671.0,0.029594602940967545,-0.1031880167649568,-0.44,1.7000000000000028,1.7000000000000028,4.400000000000006,1.1000000000000014
2004-01-31,92.4006,0.05,60.8,60.8,58.0,59.5,319945.0,0.15206262190346223,0.39898834043767845,0.010000000000000002,0.6999999999999957,0.6999999999999957,-3.200000000000003,-2.700000000000003
2004-02-29,92.958,0.45,59.9,59.9,58.3,65.0,325217.0,0.6014306109160528,1.6343545808521431,0.4,-0.8999999999999986,-0.8999999999999986,0.29999999999999716,5.5
2004-03-31,92.5861,0.54,60.6,60.6,59.6,68.6,321479.0,-0.4008755848768866,-1.1560429103826526,0.09000000000000002,0.7000000000000028,0.7000000000000028,1.3000000000000043,3.5999999999999943
2004-04-30,92.93,0.08,60.6,60.6,58.5,71.0,325440.0,0.37074991758071035,1.2245890133928337,-0.46,0.0,0.0,-1.1000000000000014,2.4000000000000057
2004-05-31,93.6013,0.55,61.4,61.4,58.6,74.2,319732.0,0.7197750706737387,-1.7694967965480222,0.47000000000000003,0.7999999999999972,0.7999999999999972,0.10000000000000142,3.200000000000003
2004-06-30,92.871,-0.28,60.5,60.5,58.5,71.9,323879.0,-0.7832838806188908,1.2886844355137108,-0.8300000000000001,-0.8999999999999986,-0.8999999999999986,-0.10000000000000142,-2.299999999999997
2004-07-31,93.5649,0.47,59.9,59.9,57.3,70.9,324925.0,0.7443879683666588,0.32243972178001085,0.75,-0.6000000000000014,-0.6000000000000014,-1.2000000000000028,-1.0
2004-08-31,93.6277,0.29,58.5,58.5,57.9,67.0,329935.0,0.06709667193686185,1.5301278894825647,-0.18,-1.3999999999999986,-1.3999999999999986,0.6000000000000014,-3.9000000000000057
2004-09-30,93.7467,0.17,57.4,57.4,58.8,72.8,329496.0,0.12701843581539432,-0.13314510990643186,-0.11999999999999997,-1.1000000000000014,-1.1000000000000014,0.8999999999999986,5.799999999999997
2004-10-31,94.5465,0.43,56.3,56.3,58.4,70.6,328947.0,0.849531273723381,-0.166757070003393,0.26,-1.1000000000000014,-1.1000000000000014,-0.3999999999999986,-2.200000000000003
2004-11-30,94.7813,0.04,56.2,56.2,59.6,71.3,333451.0,0.24803554509937667,1.3599284460806276,-0.39,-0.09999999999999432,-0.09999999999999432,1.2000000000000028,0.7000000000000028
2004-12-31,95.5365,0.85,57.2,57.2,58.0,69.1,331010.0,0.7936241000935799,-0.7347341623117902,0.8099999999999999,1.0,1.0,-1.6000000000000014,-2.200000000000003
2005-01-31,95.8801,0.19,56.8,56.8,59.4,69.7,334007.0,0.35900791158702894,0.9013364439847398,-0.6599999999999999,-0.4000000000000057,-0.4000000000000057,1.3999999999999986,0.6000000000000085
2005-02-28,96.5761,0.4,55.5,55.5,58.0,65.6,334036.0,0.7232846062771174,0.008682075859862082,0.21000000000000002,-1.2999999999999972,-1.2999999999999972,-1.3999999999999986,-4.1000000000000085
2005-03-31,96.4456,-0.28,55.2,55.2,55.6,62.4,335496.0,-0.13521797796179472,0.43612622374234317,-0.68,-0.29999999999999716,-0.29999999999999716,-2.3999999999999986,-3.1999999999999957
2005-04-30,96.6532,0.57,52.2,52.2,55.3,57.6,334185.0,0.2150195443822259,-0.39153019863404864,0.85,-3.0,-3.0,-0.30000000000000426,-4.799999999999997
2005-05-31,96.7402,-0.02,50.8,50.8,58.1,58.4,344477.0,0.0899720526852151,3.033259294908593,-0.59,-1.4000000000000057,-1.4000000000000057,2.8000000000000043,0.7999999999999972
2005-06-30,97.1753,0.41,52.4,52.4,59.5,65.8,344906.0,0.4487529157463777,0.12445913385652034,0.43,1.6000000000000014,1.6000000000000014,1.3999999999999986,7.399999999999999
2005-07-31,96.8676,-0.05,52.8,52.8,61.3,66.1,338601.0,-0.31714662882168804,-1.8449493106302697,-0.45999999999999996,0.3999999999999986,0.3999999999999986,1.7999999999999972,0.29999999999999716
2005-08-31,97.1833,0.21,52.4,52.4,55.7,83.5,333165.0,0.32537883465618994,-1.618456027336307,0.26,-0.3999999999999986,-0.3999999999999986,-5.599999999999994,17.400000000000006
2005-09-30,95.3005,-0.62,56.8,56.8,57.4,79.2,334097.0,-1.956382876954614,0.2793507216313734,-0.83,4.399999999999999,4.399999999999999,1.6999999999999957,-4.299999999999997
2005-10-31,96.4572,0.65,57.2,57.2,59.1,72.6,341219.0,1.206432940721048,2.1093129907002472,1.27,0.4000000000000057,0.4000000000000057,1.7000000000000028,-6.6000000000000085
2005-11-30,97.5414,0.75,56.7,56.7,59.0,68.9,341706.0,1.117751662149517,0.14262183476971618,0.09999999999999998,-0.5,-0.5,-0.10000000000000142,-3.6999999999999886
2005-12-31,98.0452,0.33,55.1,55.1,56.3,69.9,348958.0,0.515169356423118,2.1000852891389763,-0.42,-1.6000000000000014,-1.6000000000000014,-2.700000000000003,1.0
2006-01-31,98.1999,0.47,55.0,55.0,57.6,67.8,347153.0,0.15766002009161736,-0.5185966161548569,0.13999999999999996,-0.10000000000000142,-0.10000000000000142,1.3000000000000043,-2.1000000000000085
2006-02-28,98.2413,0.1,55.8,55.8,56.9,60.1,347541.0,0.04215001803382235,0.11170386971667198,-0.37,0.7999999999999972,0.7999999999999972,-0.7000000000000028,-7.699999999999996
2006-03-31,98.4628,0.22,54.3,54.3,58.4,68.5,346956.0,0.22521146597457445,-0.16846729024271798,0.12,-1.5,-1.5,1.5,8.399999999999999
2006-04-30,98.7618,-0.09,55.2,55.2,57.0,70.5,345410.0,0.30320784432704834,-0.44658535209167965,-0.31,0.9000000000000057,0.9000000000000057,-1.3999999999999986,2.0
2006-05-31,98.7869,0.02,53.7,53.7,55.2,69.0,346670.0,0.0254114556411531,0.3641201572437617,0.11,-1.5,-1.5,-1.7999999999999972,-1.5
2006-06-30,99.0997,0.03,52.0,52.0,55.6,70.6,345523.0,0.3161409216424567,-0.3314107625535486,0.009999999999999998,-1.7000000000000028,-1.7000000000000028,0.3999999999999986,1.5999999999999943
2006-07-31,99.0489,-0.28,53.0,53.0,53.9,72.2,345324.0,-0.05127465055314873,-0.05761044211060741,-0.31000000000000005,1.0,1.0,-1.7000000000000028,1.6000000000000085
2006-08-31,99.4836,0.18,53.7,53.7,54.5,60.6,346838.0,0.43791388783339674,0.43747053856838647,0.46,0.7000000000000028,0.7000000000000028,0.6000000000000014,-11.600000000000001
2006-09-30,99.3183,0.0,52.2,52.2,54.9,56.5,349889.0,-0.16629623569391533,0.8758149181146578,-0.18,-1.5,-1.5,0.3999999999999986,-4.100000000000001
2006-10-31,99.2044,-0.27,51.4,51.4,54.5,56.7,351430.0,-0.11474759561266443,0.4394583577598016,-0.27,-0.8000000000000043,-0.8000000000000043,-0.3999999999999986,0.20000000000000284
2006-11-30,99.1627,-0.11,50.3,50.3,53.7,60.5,352825.0,-0.04204326283365999,0.3961638396587357,0.16000000000000003,-1.1000000000000014,-1.1000000000000014,-0.7999999999999972,3.799999999999997
2006-12-31,100.1735,0.77,51.4,51.4,55.4,57.5,353222.0,1.0141747096689284,0.11245711456579376,0.88,1.1000000000000014,1.1000000000000014,1.6999999999999957,-3.0
2007-01-31,99.8346,-0.48,50.4,50.4,54.2,57.0,352649.0,-0.338886599431626,-0.16235264683242745,-1.25,-1.0,-1.0,-1.1999999999999957,-0.5
2007-02-28,100.7753,0.2,54.1,54.1,52.1,64.2,353088.0,0.9378469307673878,0.12440896725613282,0.6799999999999999,3.700000000000003,3.700000000000003,-2.1000000000000014,7.200000000000003
2007-03-31,100.9547,0.24,52.8,52.8,53.4,63.2,350970.0,0.1778615449302796,-0.6016567922345721,0.03999999999999998,-1.3000000000000043,-1.3000000000000043,1.2999999999999972,-1.0
2007-04-30,101.6334,-0.09,52.7,52.7,54.3,62.8,354178.0,0.670031990175266,0.9098861890853245,-0.32999999999999996,-0.09999999999999432,-0.09999999999999432,0.8999999999999986,-0.4000000000000057
2007-05-31,101.7306,0.05,53.1,53.1,54.9,61.6,350405.0,0.0955921474810443,-1.0709983251651027,0.14,0.3999999999999986,0.3999999999999986,0.6000000000000014,-1.1999999999999957
2007-06-30,101.7893,-0.02,54.0,54.0,53.6,59.7,351291.0,0.05768477837079103,0.2525311447834195,-0.07,0.8999999999999986,0.8999999999999986,-1.2999999999999972,-1.8999999999999986
2007-07-31,101.6672,-0.39,51.8,51.8,52.7,60.0,354163.0,-0.12002567099922434,0.8142319321037526,-0.37,-2.200000000000003,-2.200000000000003,-0.8999999999999986,0.29999999999999716
2007-08-31,101.863,-0.07,52.2,52.2,52.6,66.7,353821.0,0.19240393848492088,-0.09661236033631965,0.32,0.4000000000000057,0.4000000000000057,-0.10000000000000142,6.700000000000003
2007-09-30,102.0894,-0.08,53.8,53.8,53.6,66.2,355112.0,0.2220126784417204,0.3642097143393805,-0.009999999999999995,1.5999999999999943,1.5999999999999943,1.0,-0.5
2007-10-31,101.8015,-0.27,52.8,52.8,52.8,75.3,355085.0,-0.28240612145145494,-0.007603524096269586,-0.19,-1.0,-1.0,-0.8000000000000043,9.099999999999994
2007-11-30,102.3446,-0.08,51.5,51.5,52.5,72.0,349142.0,0.532071179671448,-1.6878481193419046,0.19,-1.2999999999999972,-1.2999999999999972,-0.29999999999999716,-3.299999999999997
2007-12-31,102.3803,-0.44,50.1,50.1,44.8,71.6,349566.0,0.03487607063124457,0.12136688059840425,-0.36,-1.3999999999999986,-1.3999999999999986,-7.700000000000003,-0.4000000000000057
2008-01-31,102.2448,-0.23,50.9,50.9,49.9,71.7,346143.0,-0.1324373400967894,-0.984040057468445,0.21,0.7999999999999972,0.7999999999999972,5.100000000000001,0.10000000000000853
2008-02-29,101.8438,-0.79,48.8,48.8,49.4,72.7,346003.0,-0.39296708981344985,-0.0404538932275149,-0.56,-2.1000000000000014,-2.1000000000000014,-0.5,1.0
2008-03-31,101.5336,-0.79,49.7,49.7,51.9,71.9,345433.0,-0.30504888010828163,-0.16487429903036183,0.0,0.9000000000000057,0.9000000000000057,2.5,-0.7999999999999972
2008-04-30,100.8785,-0.66,48.5,48.5,51.5,75.2,346571.0,-0.6472955790125192,0.32890012943918223,0.13,-1.2000000000000028,-1.2000000000000028,-0.3999999999999986,3.299999999999997
2008-05-31,100.2674,-0.83,48.9,48.9,48.1,79.6,342610.0,-0.6076205184033746,-1.1494929822327966,-0.16999999999999993,0.3999999999999986,0.3999999999999986,-3.3999999999999986,4.3999999999999915
2008-06-30,100.0335,-0.71,49.9,49.9,50.1,77.4,338482.0,-0.23354873224962833,-1.212185885915916,0.12,1.0,1.0,2.0,-2.1999999999999886
2008-07-31,99.676,-1.2,50.8,50.8,50.6,72.4,336875.0,-0.3580204065058132,-0.4758973499706356,-0.49,0.8999999999999986,0.8999999999999986,0.5,-5.0
2008-08-31,98.1111,-1.25,50.1,50.1,49.4,71.9,330695.0,-1.5824415805610854,-1.8515441233418903,-0.050000000000000044,-0.6999999999999957,-0.6999999999999957,-1.2000000000000028,-0.5
2008-09-30,93.7895,-2.57,47.2,47.2,44.7,53.9,322296.0,-4.50476005695623,-2.57261224828588,-1.3199999999999998,-2.8999999999999986,-2.8999999999999986,-4.699999999999996,-18.000000000000007
2008-10-31,94.7219,-1.12,38.2,38.2,37.8,37.4,320271.0,0.9892320608247046,-0.6302865549514124,1.4499999999999997,-9.0,-9.0,-6.900000000000006,-16.5
2008-11-30,93.4715,-2.34,39.0,39.0,40.0,36.1,319426.0,-1.3288653060593256,-0.2641877299640856,-1.2199999999999998,0.7999999999999972,0.7999999999999972,2.200000000000003,-1.2999999999999972
2008-12-31,90.8357,-2.67,34.5,34.5,43.0,41.7,323283.0,-2.860419685390871,1.200246551054912,-0.33000000000000007,-4.5,-4.5,3.0,5.600000000000001
2009-01-31,88.57,-3.03,36.4,36.4,41.6,48.6,319301.0,-2.5259180320142356,-1.2393869041621977,-0.3599999999999999,1.8999999999999986,1.8999999999999986,-1.3999999999999986,6.899999999999999
2009-02-28,88.031,-1.23,36.6,36.6,40.1,40.0,314779.0,-0.6104174649481385,-1.4263426270254538,1.7999999999999998,0.20000000000000284,0.20000000000000284,-1.5,-8.600000000000001
2009-03-31,86.6528,-2.34,37.2,37.2,43.7,39.9,315727.0,-1.577969562595754,0.30071108423216897,-1.1099999999999999,0.6000000000000014,0.6000000000000014,3.6000000000000014,-0.10000000000000142
2009-04-30,85.9344,-1.6,39.9,39.9,44.4,47.1,317408.0,-0.8325115063071317,0.5310096424760267,0.7399999999999998,2.6999999999999957,2.6999999999999957,0.6999999999999957,7.200000000000003
2009-05-31,85.0665,-1.19,44.1,44.1,46.4,52.9,317201.0,-1.0150910930024282,-0.06523702227398515,0.41000000000000014,4.200000000000003,4.200000000000003,2.0,5.799999999999997
2009-06-30,84.7459,-0.93,46.3,46.3,47.1,41.5,318686.0,-0.37759360437510653,0.46706496581980933,0.2599999999999999,2.1999999999999957,2.1999999999999957,0.7000000000000028,-11.399999999999999
2009-07-31,85.7027,0.14,49.7,49.7,48.9,60.8,323564.0,1.1226962849123383,1.5190638541844217,1.07,3.4000000000000057,3.4000000000000057,1.7999999999999972,19.299999999999997
2009-08-31,86.6426,0.0,53.4,53.4,50.1,49.6,314267.0,1.0907281117748377,-2.9153987477238252,-0.14,3.6999999999999957,3.6999999999999957,1.2000000000000028,-11.199999999999996
2009-09-30,87.4063,-0.21,54.9,54.9,51.0,53.5,316561.0,0.8775750967465086,0.7273012967338969,-0.21,1.5,1.5,0.8999999999999986,3.8999999999999986
2009-10-31,87.6419,-0.29,57.6,57.6,49.5,58.9,317459.0,0.2691831647081177,0.2832720104997633,-0.07999999999999999,2.700000000000003,2.700000000000003,-1.5,5.399999999999999
2009-11-30,88.0221,0.06,55.4,55.4,49.7,58.9,318902.0,0.4328725221761207,0.4535169418844099,0.35,-2.200000000000003,-2.200000000000003,0.20000000000000284,0.0
2009-12-31,88.3793,-0.28,55.8,55.8,50.0,59.4,317831.0,0.40498600148736036,-0.3364050583297732,-0.34,0.3999999999999986,0.3999999999999986,0.29999999999999716,0.5
2010-01-31,89.3426,0.16,56.3,56.3,51.7,58.7,318365.0,1.0840638479048323,0.16787283334277214,0.44000000000000006,0.5,0.5,1.7000000000000028,-0.6999999999999957
2010-02-28,89.6779,-0.35,55.5,55.5,53.3,60.9,326527.0,0.3745944091096664,2.5314117245143652,-0.51,-0.7999999999999972,-0.7999999999999972,1.5999999999999943,2.1999999999999957
2010-03-31,90.2928,0.48,58.8,58.8,55.3,63.8,329607.0,0.6833361127325353,0.9388395123772286,0.83,3.299999999999997,3.299999999999997,2.0,2.8999999999999986
2010-04-30,90.5991,0.4,58.1,58.1,55.5,60.8,326766.0,0.3386556200030132,-0.8656717268162535,-0.07999999999999996,-0.6999999999999957,-0.6999999999999957,0.20000000000000284,-3.0
2010-05-31,91.823,0.3,57.4,57.4,54.4,56.7,327146.0,1.3418531682922519,0.11622360280132409,-0.10000000000000003,-0.7000000000000028,-0.7000000000000028,-1.1000000000000014,-4.099999999999994
2010-06-30,91.9928,-0.17,56.5,56.5,54.6,56.1,327014.0,0.1847502209251882,-0.04035709972837149,-0.47,-0.8999999999999986,-0.8999999999999986,0.20000000000000284,-0.6000000000000014
2010-07-31,92.3421,0.15,56.1,56.1,52.4,59.2,328128.0,0.3789845743598986,0.34007927247942293,0.32,-0.3999999999999986,-0.3999999999999986,-2.200000000000003,3.1000000000000014
2010-08-31,92.6805,-0.16,56.4,56.4,53.3,59.5,330100.0,0.36579355962980564,0.5991862697912023,-0.31,0.29999999999999716,0.29999999999999716,0.8999999999999986,0.29999999999999716
2010-09-30,92.9537,-0.19,55.3,55.3,55.3,68.2,332615.0,0.2943425265869447,0.7590026101020911,-0.03,-1.1000000000000014,-1.1000000000000014,2.0,8.700000000000003
2010-10-31,92.6903,-0.12,56.9,56.9,56.4,65.6,335557.0,-0.2837691245094572,0.8806172699024173,0.07,1.6000000000000014,1.6000000000000014,1.1000000000000014,-2.6000000000000085
2010-11-30,92.7709,-0.19,57.3,57.3,56.9,69.3,335185.0,0.0869184552610764,-0.1109219455890398,-0.07,0.3999999999999986,0.3999999999999986,0.5,3.700000000000003
2010-12-31,93.6787,0.09,56.6,56.6,57.6,70.0,335961.0,0.9737829134777881,0.2312463594521017,0.28,-0.6999999999999957,-0.6999999999999957,0.7000000000000028,0.7000000000000028
2011-01-31,93.4814,0.03,59.1,59.1,58.0,70.9,336988.0,-0.21083561409290058,0.30522396119423223,-0.06,2.5,2.5,0.3999999999999986,0.9000000000000057
2011-02-28,93.1102,-0.38,59.2,59.2,55.8,70.9,337591.0,-0.397874812894078,0.17877821889128304,-0.41000000000000003,0.10000000000000142,0.10000000000000142,-2.200000000000003,0.0
2011-03-31,94.0788,0.41,58.4,58.4,55.2,71.0,337113.0,1.034899107180462,-0.1416917877977996,0.79,-0.8000000000000043,-0.8000000000000043,-0.5999999999999943,0.09999999999999432
2011-04-30,93.7749,-0.48,57.9,57.9,55.0,70.3,334391.0,-0.3235499381844537,-0.8107218747936651,-0.8899999999999999,-0.5,-0.5,-0.20000000000000284,-0.7000000000000028
2011-05-31,93.888,-0.34,54.8,54.8,54.2,62.4,336979.0,0.1205352935432107,0.7709646897907128,0.13999999999999996,-3.1000000000000014,-3.1000000000000014,-0.7999999999999972,-7.899999999999999
2011-06-30,94.172,0.01,55.8,55.8,53.5,60.7,335955.0,0.3020314962187075,-0.30433914481270846,0.35000000000000003,1.0,1.0,-0.7000000000000028,-1.6999999999999957
2011-07-31,94.636,0.17,52.9,52.9,53.5,61.3,335962.0,0.4915055867338456,0.0020835906816578484,0.16,-2.8999999999999986,-2.8999999999999986,0.0,0.5999999999999943
2011-08-31,95.2749,0.01,52.6,52.6,52.3,60.9,338752.0,0.6728443816048307,0.8270217906162088,-0.16,-0.29999999999999716,-0.29999999999999716,-1.2000000000000028,-0.3999999999999986
2011-09-30,95.1961,-0.27,53.7,53.7,52.8,57.7,341077.0,-0.08274225944708267,0.6839982009167843,-0.28,1.1000000000000014,1.1000000000000014,0.5,-3.1999999999999957
2011-10-31,95.8568,0.16,51.4,51.4,52.9,63.4,342270.0,0.6916436587234633,0.3491641031697585,0.43000000000000005,-2.3000000000000043,-2.3000000000000043,0.10000000000000142,5.699999999999996
2011-11-30,95.8485,-0.35,51.8,51.8,52.6,62.2,343631.0,-0.008659124192387312,0.3968507951453272,-0.51,0.3999999999999986,0.3999999999999986,-0.29999999999999716,-1.1999999999999957
2011-12-31,96.3571,0.27,53.0,53.0,57.3,63.8,345006.0,0.529226190156129,0.399340095663962,0.62,1.2000000000000028,1.2000000000000028,4.699999999999996,1.5999999999999943
2012-01-31,96.9318,0.36,54.2,54.2,55.9,65.4,348123.0,0.5946556615738015,0.899405741772831,0.08999999999999997,1.2000000000000028,1.2000000000000028,-1.3999999999999986,1.6000000000000085
2012-02-29,97.2435,0.0,53.3,53.3,55.6,63.7,348820.0,0.3210503784291487,0.2000164238313565,-0.36,-0.9000000000000057,-0.9000000000000057,-0.29999999999999716,-1.7000000000000028
2012-03-31,96.74,-0.39,53.5,53.5,55.3,58.7,346487.0,-0.5191174823684342,-0.6710729951901695,-0.39,0.20000000000000284,0.20000000000000284,-0.30000000000000426,-5.0
2012-04-30,97.4359,0.06,55.2,55.2,55.1,54.0,348043.0,0.7167758505782871,0.4480735470938769,0.45,1.7000000000000028,1.7000000000000028,-0.19999999999999574,-4.700000000000003
2012-05-31,97.6609,-0.17,53.2,53.2,53.6,48.5,346636.0,0.23065483365497594,-0.40507973436649847,-0.23,-2.0,-2.0,-1.5,-5.5
2012-06-30,97.6663,-0.32,49.5,49.5,52.1,52.8,348318.0,0.0055291838529277345,0.48406176072804524,-0.15,-3.700000000000003,-3.700000000000003,-1.5,4.299999999999997
2012-07-31,97.8713,-0.28,49.6,49.6,52.1,62.1,350013.0,0.2096784200142982,0.4854441027648342,0.03999999999999998,0.10000000000000142,0.10000000000000142,0.0,9.300000000000004
2012-08-31,97.4525,-0.45,49.0,49.0,53.8,65.0,350574.0,-0.4288270469703259,0.1601514501144576,-0.16999999999999998,-0.6000000000000014,-0.6000000000000014,1.6999999999999957,2.8999999999999986
2012-09-30,97.381,-0.11,50.8,50.8,54.3,60.9,350088.0,-0.07339600552239395,-0.138725969994614,0.34,1.7999999999999972,1.7999999999999972,0.5,-4.100000000000001
2012-10-31,97.7193,-0.26,50.5,50.5,53.9,58.3,353145.0,0.34679632891861345,0.8694186013001234,-0.15000000000000002,-0.29999999999999716,-0.29999999999999716,-0.3999999999999986,-2.6000000000000014
2012-11-30,98.0777,0.28,48.0,48.0,55.7,58.3,355525.0,0.36609386281409545,0.671683279373689,0.54,-2.5,-2.5,1.8000000000000043,0.0
2012-12-31,98.3101,0.14,50.1,50.1,55.9,60.0,357747.0,0.23667469005938263,0.6230462398405032,-0.14,2.1000000000000014,2.1000000000000014,0.19999999999999574,1.7000000000000028
2013-01-31,98.3342,-0.33,53.3,53.3,56.6,59.9,360123.0,0.024511262335751804,0.6619607104893487,-0.47000000000000003,3.1999999999999957,3.1999999999999957,0.7000000000000028,-0.10000000000000142
2013-02-28,98.7941,0.23,54.2,54.2,55.9,55.6,359937.0,0.4666005179331894,-0.05166236261893827,0.56,0.9000000000000057,0.9000000000000057,-0.7000000000000028,-4.299999999999997
2013-03-31,99.1921,-0.26,51.9,51.9,54.3,53.8,360382.0,0.402048765132615,0.12355638449412436,-0.49,-2.3000000000000043,-2.3000000000000043,-1.6000000000000014,-1.8000000000000043
2013-04-30,99.1065,-0.29,51.0,51.0,54.8,53.0,363591.0,-0.08633445250438548,0.8865029540918525,-0.02999999999999997,-0.8999999999999986,-0.8999999999999986,0.5,-0.7999999999999972
2013-05-31,99.1839,0.14,50.8,50.8,53.6,53.7,363897.0,0.07806732341147295,0.08412510393199805,0.43,-0.20000000000000284,-0.20000000000000284,-1.1999999999999957,0.7000000000000028
2013-06-30,99.3897,-0.14,51.1,51.1,55.2,55.3,366171.0,0.20727838311219046,0.6229576845008135,-0.28,0.30000000000000426,0.30000000000000426,1.6000000000000014,1.5999999999999943
2013-07-31,99.0814,-0.52,53.8,53.8,55.3,53.5,364581.0,-0.31067520457494946,-0.4351688422822427,-0.38,2.6999999999999957,2.6999999999999957,0.09999999999999432,-1.7999999999999972
2013-08-31,99.6543,0.3,54.0,54.0,53.6,56.4,365511.0,0.5765462239130704,0.2547625512964499,0.8200000000000001,0.20000000000000284,0.20000000000000284,-1.6999999999999957,2.8999999999999986
2013-09-30,100.161,0.1,54.6,54.6,53.9,56.2,366952.0,0.5071694571082397,0.39346748138528664,-0.19999999999999998,0.6000000000000014,0.6000000000000014,0.29999999999999716,-0.19999999999999574
2013-10-31,100.082,0.01,54.6,54.6,53.1,53.2,367226.0,-0.07890413557397505,0.07464130298678766,-0.09000000000000001,0.0,0.0,-0.7999999999999972,-3.0
2013-11-30,100.3158,0.3,55.5,55.5,53.5,56.9,369462.0,0.2333360007728033,0.6070431081825766,0.29,0.8999999999999986,0.8999999999999986,0.3999999999999986,3.6999999999999957
2013-12-31,100.5175,-0.15,56.5,56.5,55.2,60.0,365254.0,0.20086317141123064,-1.1454891447754085,-0.44999999999999996,1.0,1.0,1.7000000000000028,3.1000000000000014
2014-01-31,100.1599,-0.7,52.5,52.5,53.4,56.4,370631.0,-0.3563932744874154,1.461395651711214,-0.5499999999999999,-4.0,-4.0,-1.8000000000000043,-3.6000000000000014
2014-02-28,100.9168,0.44,55.0,55.0,54.9,58.1,374982.0,0.7528506037615463,1.167106632727071,1.14,2.5,2.5,1.5,1.7000000000000028
2014-03-31,101.8942,0.48,55.9,55.9,55.7,61.0,378325.0,0.9638605074811821,0.8875589754715987,0.03999999999999998,0.8999999999999986,0.8999999999999986,0.8000000000000043,2.8999999999999986
2014-04-30,101.9928,0.05,56.6,56.6,56.0,58.5,379096.0,0.09672024963488438,0.20358565878098195,-0.43,0.7000000000000028,0.7000000000000028,0.29999999999999716,-2.5
2014-05-31,102.3836,0.12,55.7,55.7,56.8,58.6,379995.0,0.3824320971515534,0.23686235782291043,0.06999999999999999,-0.8999999999999986,-0.8999999999999986,0.7999999999999972,0.10000000000000142
2014-06-30,102.735,0.14,55.0,55.0,56.9,58.1,380457.0,0.3426313788952507,0.12150669781680898,0.020000000000000018,-0.7000000000000028,-0.7000000000000028,0.10000000000000142,-0.5
2014-07-31,102.9632,0.3,55.1,55.1,58.0,57.7,384476.0,0.2218785517998932,1.0508206554654382,0.15999999999999998,0.10000000000000142,0.10000000000000142,1.1000000000000014,-0.3999999999999986
2014-08-31,102.7688,-0.23,56.3,56.3,57.3,55.1,383753.0,-0.18898378264741095,-0.18822518115249628,-0.53,1.1999999999999957,1.1999999999999957,-0.7000000000000028,-2.6000000000000014
2014-09-30,103.0641,0.01,55.7,55.7,55.8,52.0,386034.0,0.28693197501494605,0.5926332026888,0.24000000000000002,-0.5999999999999943,-0.5999999999999943,-1.5,-3.1000000000000014
2014-10-31,103.0764,0.04,56.2,56.2,58.2,54.5,390164.0,0.01193360840263373,1.0641715066153312,0.03,0.5,0.5,2.4000000000000057,2.5
2014-11-30,103.7126,0.27,56.3,56.3,57.2,51.1,391028.0,0.6153151350189172,0.2212005121131742,0.23,0.09999999999999432,0.09999999999999432,-1.0,-3.3999999999999986
2014-12-31,103.7044,0.06,55.7,55.7,56.2,47.3,396150.0,-0.007906777172807642,1.301375873665163,-0.21000000000000002,-0.5999999999999943,-0.5999999999999943,-1.0,-3.8000000000000043
2015-01-31,102.8905,-0.26,53.9,53.9,57.6,50.9,393629.0,-0.7879228487476458,-0.6384086085518006,-0.32,-1.8000000000000043,-1.8000000000000043,1.3999999999999986,3.6000000000000014
2015-02-28,102.2335,-0.48,53.0,53.0,58.4,53.6,398507.0,-0.6405903226315237,1.2316222622278712,-0.21999999999999997,-0.8999999999999986,-0.8999999999999986,0.7999999999999972,2.700000000000003
2015-03-31,101.8914,0.01,52.1,52.1,57.5,50.4,399680.0,-0.3351872508375763,0.29391629892012033,0.49,-0.8999999999999986,-0.8999999999999986,-0.8999999999999986,-3.200000000000003
2015-04-30,101.3355,-0.01,51.9,51.9,56.7,53.7,400598.0,-0.5470746111495662,0.2294203770809155,-0.02,-0.20000000000000284,-0.20000000000000284,-0.7999999999999972,3.3000000000000043
2015-05-31,100.8883,-0.34,52.9,52.9,55.7,52.3,400358.0,-0.44228298448434067,-0.05992838737280011,-0.33,1.0,1.0,-1.0,-1.4000000000000057
2015-06-30,100.571,-0.14,52.5,52.5,60.1,52.5,403861.0,-0.3150018513620207,0.8711612518898207,0.2,-0.3999999999999986,-0.3999999999999986,4.399999999999999,0.20000000000000284
2015-07-31,101.2228,0.35,52.0,52.0,58.6,51.1,405295.0,0.6460082190607669,0.3544437664140881,0.49,-0.5,-0.5,-1.5,-1.3999999999999986
2015-08-31,101.0367,-0.28,50.2,50.2,56.1,48.4,407308.0,-0.18402107442869045,0.49544589860021915,-0.63,-1.7999999999999972,-1.7999999999999972,-2.5,-2.700000000000003
2015-09-30,100.7547,-0.12,50.1,50.1,56.9,48.3,406884.0,-0.2794967313555192,-0.10415234694730001,0.16000000000000003,-0.10000000000000142,-0.10000000000000142,0.7999999999999972,-0.10000000000000142
2015-10-31,100.2675,-0.26,49.1,49.1,56.1,48.8,409357.0,-0.4847235319528369,0.6059503423319864,-0.14,-1.0,-1.0,-0.7999999999999972,0.5
2015-11-30,99.5298,-0.36,49.1,49.1,55.3,50.6,413213.0,-0.7384517731685705,0.9375562555249107,-0.09999999999999998,0.0,0.0,-0.8000000000000043,1.8000000000000043
2015-12-31,99.0417,-0.3,48.7,48.7,53.8,47.0,412989.0,-0.49161232406853894,-0.05422402886665524,0.06,-0.3999999999999986,-0.3999999999999986,-1.5,-3.6000000000000014
2016-01-31,99.5607,0.09,47.6,47.6,52.8,45.9,420393.0,0.5226534839914181,1.7769029831651628,0.39,-1.1000000000000014,-1.1000000000000014,-1.0,-1.1000000000000014
2016-02-29,99.0445,-0.23,49.2,49.2,55.4,50.6,417093.0,-0.5198264319300556,-0.7880769539497224,-0.32,1.6000000000000014,1.6000000000000014,2.6000000000000014,4.700000000000003
2016-03-31,98.3096,-0.33,51.0,51.0,55.2,53.9,416295.0,-0.7447561483016334,-0.19150749564177286,-0.1,1.7999999999999972,1.7999999999999972,-0.19999999999999574,3.299999999999997
2016-04-30,98.6421,-0.1,51.3,51.3,54.1,55.0,417899.0,0.3376465558706353,0.3845632974539525,0.23,0.29999999999999716,0.29999999999999716,-1.1000000000000014,1.1000000000000014
2016-05-31,98.4184,-0.35,51.4,51.4,55.8,55.9,421761.0,-0.22703697198567713,0.9199026353927952,-0.24999999999999997,0.10000000000000142,0.10000000000000142,1.6999999999999957,0.8999999999999986
2016-06-30,98.8833,0.13,52.2,52.2,56.2,52.6,423943.0,0.4712588491570034,0.5160209344669853,0.48,0.8000000000000043,0.8000000000000043,0.4000000000000057,-3.299999999999997
2016-07-31,98.9992,0.05,52.7,52.7,52.6,52.0,424326.0,0.11714023549630953,0.09030154963249339,-0.08,0.5,0.5,-3.6000000000000014,-0.6000000000000014
2016-08-31,98.85,-0.21,49.8,49.8,55.4,52.8,425313.0,-0.1508219677233403,0.23233407223024974,-0.26,-2.9000000000000057,-2.9000000000000057,2.799999999999997,0.7999999999999972
2016-09-30,98.7457,-0.09,51.1,51.1,54.3,54.8,424916.0,-0.10556910872728154,-0.09338661204268121,0.12,1.3000000000000043,1.3000000000000043,-1.1000000000000014,2.0
2016-10-31,98.7611,-0.07,51.8,51.8,56.4,54.6,424941.0,0.015594399819346511,0.005883342728772841,0.01999999999999999,0.6999999999999957,0.6999999999999957,2.1000000000000014,-0.19999999999999574
2016-11-30,98.3491,-0.22,53.2,53.2,55.8,56.3,430679.0,-0.41804087257064787,1.3412697277155141,-0.15,1.4000000000000057,1.4000000000000057,-0.6000000000000014,1.6999999999999957
2016-12-31,99.0214,0.38,54.4,54.4,57.0,57.2,430648.0,0.6812594589355484,-0.007198195345875884,0.6,1.1999999999999957,1.1999999999999957,1.2000000000000028,0.9000000000000057
2017-01-31,98.7611,-0.11,55.7,55.7,56.6,57.9,430799.0,-0.26321858636490175,0.03505729349489306,-0.49,1.3000000000000043,1.3000000000000043,-0.3999999999999986,0.6999999999999957
2017-02-28,98.3646,-0.09,57.7,57.7,56.2,54.4,430662.0,-0.40228192946493696,-0.03180643143565571,0.020000000000000004,2.0,2.0,-0.3999999999999986,-3.5
2017-03-31,99.0137,0.02,56.5,56.5,57.2,58.3,432710.0,0.6577241165916399,0.47441979616294083,0.11,-1.2000000000000028,-1.2000000000000028,1.0,3.8999999999999986
2017-04-30,100.0224,0.34,55.8,55.8,57.4,49.6,433098.0,1.0135936505023562,0.08962726747120098,0.32,-0.7000000000000028,-0.7000000000000028,0.19999999999999574,-8.699999999999996
2017-05-31,100.1408,0.02,56.4,56.4,56.8,53.6,436332.0,0.1183034781709034,0.7439391130602566,-0.32,0.6000000000000014,0.6000000000000014,-0.6000000000000014,4.0
2017-06-30,100.3471,0.16,56.2,56.2,55.4,56.3,437463.0,0.2057980285209821,0.2588709323372968,0.14,-0.19999999999999574,-0.19999999999999574,-1.3999999999999986,2.6999999999999957
2017-07-31,100.1068,-0.16,56.5,56.5,55.8,58.0,435885.0,-0.23975598889276148,-0.3613683702762221,-0.32,0.29999999999999716,0.29999999999999716,0.3999999999999986,1.7000000000000028
2017-08-31,99.6925,0.01,58.4,58.4,58.1,64.7,441340.0,-0.4147167620660212,1.2437106364963912,0.17,1.8999999999999986,1.8999999999999986,2.3000000000000043,6.700000000000003
2017-09-30,99.7954,0.18,60.0,60.0,60.4,61.1,443034.0,0.10316416096038926,0.3830963080779854,0.16999999999999998,1.6000000000000014,1.6000000000000014,2.299999999999997,-3.6000000000000014
2017-10-31,101.0247,0.54,58.6,58.6,57.1,59.2,446441.0,1.2242951327366367,0.7660736191948647,0.36000000000000004,-1.3999999999999986,-1.3999999999999986,-3.299999999999997,-1.8999999999999986
2017-11-30,101.2664,0.23,57.6,57.6,56.3,61.2,449303.0,0.23896267805680657,0.6390240379353712,-0.31000000000000005,-1.0,-1.0,-0.8000000000000043,2.0
2017-12-31,101.4644,0.2,59.7,59.7,60.0,61.7,444527.0,0.19533298635994295,-1.0686697590603695,-0.03,2.1000000000000014,2.1000000000000014,3.700000000000003,0.5
2018-01-31,101.4625,-0.23,59.4,59.4,58.5,62.4,446518.0,-0.0018725955011806047,0.4468917537403398,-0.43000000000000005,-0.30000000000000426,-0.30000000000000426,-1.5,0.6999999999999957
2018-02-28,101.7085,0.47,60.9,60.9,58.2,61.5,446516.0,0.2421606629052912,-0.0004479112777357261,0.7,1.5,1.5,-0.29999999999999716,-0.8999999999999986
2018-03-31,102.2067,0.1,58.8,58.8,57.6,62.3,446947.0,0.488635463438427,0.09647854100989033,-0.37,-2.1000000000000014,-2.1000000000000014,-0.6000000000000014,0.7999999999999972
2018-04-30,103.3329,0.39,58.6,58.6,58.0,63.9,451355.0,1.0958581903170899,0.9814150209145287,0.29000000000000004,-0.19999999999999574,-0.19999999999999574,0.3999999999999986,1.6000000000000014
2018-05-31,102.4024,-0.14,59.0,59.0,58.5,61.1,449387.0,-0.9045665423148675,-0.43697376862955856,-0.53,0.3999999999999986,0.3999999999999986,0.5,-2.799999999999997
2018-06-30,103.198,0.21,59.9,59.9,57.5,63.4,452610.0,0.7739323183955853,0.714639564610489,0.35,0.8999999999999986,0.8999999999999986,-1.0,2.299999999999997
2018-07-31,103.3646,0.05,58.1,58.1,59.5,62.3,452415.0,0.161307067324279,-0.04309273291181469,-0.15999999999999998,-1.7999999999999972,-1.7999999999999972,2.0,-1.1000000000000014
2018-08-31,104.0327,0.3,60.5,60.5,60.4,62.8,450986.0,0.6442729109766876,-0.3163603298716166,0.25,2.3999999999999986,2.3999999999999986,0.8999999999999986,0.5
2018-09-30,104.1004,0.02,59.3,59.3,60.8,61.1,455290.0,0.06505452749955742,0.9498281666753094,-0.27999999999999997,-1.2000000000000028,-1.2000000000000028,0.3999999999999986,-1.6999999999999957
2018-10-31,103.9856,-0.21,58.1,58.1,60.1,62.9,459298.0,-0.11033900564873926,0.8764658310828005,-0.22999999999999998,-1.1999999999999957,-1.1999999999999957,-0.6999999999999957,1.7999999999999972
2018-11-30,104.0681,0.01,58.6,58.6,58.1,59.1,451080.0,0.07930645244381049,-1.8054529505752548,0.22,0.5,0.5,-2.0,-3.799999999999997
2018-12-31,104.0936,-0.13,54.9,54.9,56.5,59.1,455893.0,0.02450018435433025,1.0613425493079425,-0.14,-3.700000000000003,-3.700000000000003,-1.6000000000000014,0.0
2019-01-31,103.4021,-0.36,55.7,55.7,59.1,55.8,454693.0,-0.6665223038358249,-0.26356669104817076,-0.22999999999999998,0.8000000000000043,0.8000000000000043,2.6000000000000014,-3.3000000000000043
2019-02-28,102.8371,-0.41,54.4,54.4,56.5,58.2,460657.0,-0.5479088490066776,1.3031265411609976,-0.04999999999999999,-1.3000000000000043,-1.3000000000000043,-2.6000000000000014,2.4000000000000057
2019-03-31,102.8757,-0.1,54.9,54.9,55.3,56.1,459188.0,0.037528049254103496,-0.3194019098576423,0.30999999999999994,0.5,0.5,-1.2000000000000028,-2.1000000000000014
2019-04-30,102.274,-0.51,53.6,53.6,56.1,55.8,462417.0,-0.5865977141161808,0.7007369128526665,-0.41000000000000003,-1.2999999999999972,-1.2999999999999972,0.8000000000000043,-0.30000000000000426
2019-05-31,102.392,0.02,52.6,52.6,55.2,58.2,464145.0,0.11530983463275594,0.3729922020055509,0.53,-1.0,-1.0,-0.8999999999999986,2.4000000000000057
2019-06-30,102.4375,0.04,51.5,51.5,54.4,56.5,468159.0,0.04442719505578798,0.861097839930481,0.02,-1.1000000000000014,-1.1000000000000014,-0.8000000000000043,-1.7000000000000028
2019-07-31,101.9408,-0.36,51.0,51.0,56.0,58.0,471850.0,-0.48606038693657805,0.7853156659736731,-0.39999999999999997,-0.5,-0.5,1.6000000000000014,1.5
2019-08-31,102.639,0.17,48.5,48.5,53.2,59.5,468160.0,0.6825724834901714,-0.7851020635582547,0.53,-2.5,-2.5,-2.799999999999997,1.5
2019-09-30,102.2917,-0.43,48.1,48.1,54.8,56.4,468774.0,-0.33894417233817986,0.13106581421858512,-0.6,-0.3999999999999986,-0.3999999999999986,1.5999999999999943,-3.1000000000000014
2019-10-31,101.4281,-0.78,48.1,48.1,53.6,57.0,471641.0,-0.8478362664280364,0.6097326993495615,-0.35000000000000003,0.0,0.0,-1.1999999999999957,0.6000000000000014
2019-11-30,101.9372,0.2,48.1,48.1,55.7,59.8,471240.0,0.5006764315212775,-0.08505845895224282,0.98,0.0,0.0,2.1000000000000014,2.799999999999997
2019-12-31,101.7003,-0.35,47.9,47.9,56.0,56.5,467689.0,-0.2326684494464219,-0.7563973272672979,-0.55,-0.20000000000000284,-0.20000000000000284,0.29999999999999716,-3.299999999999997
2020-01-31,101.0338,-0.25,51.4,51.4,57.5,52.5,469351.0,-0.6575138580045964,0.3547344281642995,0.09999999999999998,3.5,3.5,1.5,-4.0
2020-02-29,101.3735,0.07,50.1,50.1,52.9,50.4,441064.0,0.3356601456010003,-6.216089975306223,0.32,-1.2999999999999972,-1.2999999999999972,-4.600000000000001,-2.1000000000000014
2020-03-31,97.4078,-4.37,49.0,49.0,41.7,55.1,390935.0,-3.9905426201024894,-12.064868387713615,-4.44,-1.1000000000000014,-1.1000000000000014,-11.199999999999996,4.700000000000003
2020-04-30,84.5619,-18.26,41.8,41.8,45.4,55.1,466701.0,-14.142247901545593,17.714748990087674,-13.89,-7.200000000000003,-7.200000000000003,3.6999999999999957,0.0
2020-05-31,85.9604,4.75,43.5,43.5,57.3,61.1,495726.0,1.6402914528457953,6.0334559072733285,23.01,1.7000000000000028,1.7000000000000028,11.899999999999999,6.0
2020-06-30,91.5934,6.3,52.6,52.6,56.7,57.5,500189.0,6.347249159182694,0.8962672267889688,1.5499999999999998,9.100000000000001,9.100000000000001,-0.5999999999999943,-3.6000000000000014
2020-07-31,95.0256,2.64,53.8,53.8,57.1,64.2,498972.0,3.678711230080065,-0.24360450454700316,-3.6599999999999997,1.1999999999999957,1.1999999999999957,0.3999999999999986,6.700000000000003
2020-08-31,95.9549,1.26,55.4,55.4,57.1,59.9,506819.0,0.9731960431251231,1.560395592570163,-1.3800000000000001,1.6000000000000014,1.6000000000000014,0.0,-4.300000000000004
2020-09-30,95.9669,0.49,55.5,55.5,56.1,62.8,505205.0,0.012505093236555416,-0.31896503805941834,-0.77,0.10000000000000142,0.10000000000000142,-1.0,2.8999999999999986
2020-10-31,96.7394,1.01,58.7,58.7,56.1,64.3,502387.0,0.8017424837306384,-0.5593548474801119,0.52,3.200000000000003,3.200000000000003,0.0,1.5
2020-11-30,97.0816,0.28,57.3,57.3,57.5,65.7,506482.0,0.353109679099897,0.8118046028298733,-0.73,-1.4000000000000057,-1.4000000000000057,1.3999999999999986,1.4000000000000057
2020-12-31,98.363,0.68,60.2,60.2,58.4,64.2,518800.0,1.3112855111043258,2.4029667390963634,0.4,2.9000000000000057,2.9000000000000057,0.8999999999999986,-1.5
2021-01-31,98.8822,0.86,59.2,59.2,56.5,71.2,503833.0,0.5264525566604699,-2.9273588485547206,0.17999999999999994,-1.0,-1.0,-1.8999999999999986,7.0
2021-02-28,95.6149,-1.85,60.4,60.4,62.0,73.4,553495.0,-3.3600576999423892,9.400785472748087,-2.71,1.1999999999999957,1.1999999999999957,5.5,2.200000000000003
2021-03-31,98.3856,2.4,63.8,63.8,63.3,75.0,551353.0,2.856578623245058,-0.3877461304531234,4.25,3.3999999999999986,3.3999999999999986,1.2999999999999972,1.5999999999999943
2021-04-30,98.5587,0.12,60.8,60.8,64.3,78.7,539224.0,0.1757857877320389,-2.2244188386395027,-2.28,-3.0,-3.0,1.0,3.700000000000003
2021-05-31,99.4333,0.22,61.6,61.6,61.4,78.6,537051.0,0.8834757856393223,-0.40380069269535757,0.1,0.8000000000000043,0.8000000000000043,-2.8999999999999986,-0.10000000000000853
2021-06-30,99.7987,0.33,61.3,61.3,63.8,83.4,523854.0,0.3668089560924184,-2.4880042522921673,0.11000000000000001,-0.30000000000000426,-0.30000000000000426,2.3999999999999986,4.800000000000011
2021-07-31,100.2519,0.75,60.2,60.2,61.5,76.9,525242.0,0.4530861445059503,0.26460892232424754,0.42,-1.0999999999999943,-1.0999999999999943,-2.299999999999997,-6.5
2021-08-31,100.0437,-0.04,59.8,59.8,61.6,80.7,526787.0,-0.20789280941337757,0.2937183501086277,-0.79,-0.4000000000000057,-0.4000000000000057,0.10000000000000142,3.799999999999997
2021-09-30,98.8579,-0.14,60.8,60.8,67.2,82.9,527661.0,-1.1923625038835892,0.16577397845192168,-0.1,1.0,1.0,5.600000000000001,2.200000000000003
2021-10-31,100.1861,0.93,60.7,60.7,67.5,82.4,527003.0,1.3345990980446365,-0.1247790927488842,1.07,-0.09999999999999432,-0.09999999999999432,0.29999999999999716,-0.5
2021-11-30,100.8654,0.64,60.8,60.8,61.4,83.7,517379.0,0.6757498302163356,-1.8430559749698674,-0.29000000000000004,0.09999999999999432,0.09999999999999432,-6.100000000000001,1.2999999999999972
2021-12-31,100.5726,0.17,58.3,58.3,59.8,81.1,522902.0,-0.2907100013006407,1.061838463479086,-0.47,-2.5,-2.5,-1.6000000000000014,-2.6000000000000085
2022-01-31,100.1856,-0.03,57.4,57.4,57.1,82.0,520973.0,-0.3855389013895069,-0.3695849015891727,-0.2,-0.8999999999999986,-0.8999999999999986,-2.6999999999999957,0.9000000000000057
2022-02-28,100.8064,0.39,58.1,58.1,58.0,83.7,523405.0,0.6177379936952057,0.46573259796306393,0.42000000000000004,0.7000000000000028,0.7000000000000028,0.8999999999999986,1.7000000000000028
2022-03-31,101.3907,0.42,57.2,57.2,58.3,83.1,529670.0,0.5779525289359483,1.1898628141397913,0.02999999999999997,-0.8999999999999986,-0.8999999999999986,0.29999999999999716,-0.6000000000000085
2022-04-30,101.44,0.01,55.3,55.3,56.9,81.8,522649.0,0.04861197143317195,-1.3344060464441014,-0.41,-1.9000000000000057,-1.9000000000000057,-1.3999999999999986,-1.2999999999999972
2022-05-31,101.3335,-0.42,55.9,55.9,55.9,80.3,520620.0,-0.10504332153142076,-0.3889701617114607,-0.43,0.6000000000000014,0.6000000000000014,-1.0,-1.5
2022-06-30,101.018,-0.25,53.5,53.5,56.5,74.5,517990.0,-0.3118338689469307,-0.5064471979619625,0.16999999999999998,-2.3999999999999986,-2.3999999999999986,0.6000000000000014,-5.799999999999997
2022-07-31,101.223,0.21,52.9,52.9,55.9,72.6,522117.0,0.2027284973971847,0.7935763644686227,0.45999999999999996,-0.6000000000000014,-0.6000000000000014,-0.6000000000000014,-1.9000000000000057
2022-08-31,101.0963,0.05,53.0,53.0,55.3,69.9,520327.0,-0.12524758296693903,-0.34342406100905676,-0.15999999999999998,0.10000000000000142,0.10000000000000142,-0.6000000000000014,-2.6999999999999886
2022-09-30,101.2918,0.0,51.1,51.1,54.8,70.7,522584.0,0.19319323696046933,0.43282763793797113,-0.05,-1.8999999999999986,-1.8999999999999986,-0.5,0.7999999999999972
2022-10-31,101.2529,0.04,50.3,50.3,55.5,69.4,514883.0,-0.03841127462558634,-1.4846046080392354,0.04,-0.8000000000000043,-0.8000000000000043,0.7000000000000028,-1.2999999999999972
2022-11-30,100.9552,-0.61,49.0,49.0,49.0,67.4,512389.0,-0.2944493470728878,-0.4855588198704615,-0.65,-1.2999999999999972,-1.2999999999999972,-6.5,-2.0
2022-12-31,99.7664,-0.46,48.0,48.0,54.5,66.7,529660.0,-1.184540079752463,3.315118906827293,0.14999999999999997,-1.0,-1.0,5.5,-0.7000000000000028
2023-01-31,100.505,0.57,47.1,47.1,54.6,64.8,523995.0,0.737602422182949,-1.0753148966200627,1.03,-0.8999999999999986,-0.8999999999999986,0.10000000000000142,-1.9000000000000057
2023-02-28,100.6416,-0.43,47.3,47.3,50.7,60.6,518456.0,0.1358213571587366,-1.0626978395608162,-1.0,0.19999999999999574,0.19999999999999574,-3.8999999999999986,-4.199999999999996
2023-03-31,101.0205,-0.41,46.3,46.3,52.8,59.6,521127.0,0.37577754656583384,0.5138610149223889,0.020000000000000018,-1.0,-1.0,2.0999999999999943,-1.0
2023-04-30,101.253,0.04,46.7,46.7,51.2,56.7,523803.0,0.22988686347240922,0.5121885389671542,0.44999999999999996,0.4000000000000057,0.4000000000000057,-1.5999999999999943,-2.8999999999999986
2023-05-31,100.9286,-0.19,46.4,46.4,54.0,55.1,526111.0,-0.3208999022467116,0.43965576566235753,-0.23,-0.30000000000000426,-0.30000000000000426,2.799999999999997,-1.6000000000000014
2023-06-30,100.1196,-0.41,46.3,46.3,53.0,57.5,528427.0,-0.8047864805022571,0.4392451905327391,-0.21999999999999997,-0.10000000000000142,-0.10000000000000142,-1.0,2.3999999999999986
2023-07-31,100.9067,0.13,47.0,47.0,54.1,58.5,530512.0,0.7830856183775964,0.3937908971834393,0.54,0.7000000000000028,0.7000000000000028,1.1000000000000014,1.0
2023-08-31,100.8393,-0.17,48.0,48.0,53.5,58.2,533013.0,-0.06681669277958593,0.47032361444529835,-0.30000000000000004,1.0,1.0,-0.6000000000000014,-0.29999999999999716
2023-09-30,101.0211,-0.03,48.7,48.7,51.6,58.2,531363.0,0.18012453076874022,-0.3100410610019141,0.14,0.7000000000000028,0.7000000000000028,-1.8999999999999986,0.0
2023-10-31,100.4689,-0.52,47.4,47.4,52.5,58.1,532219.0,-0.5481179041073229,0.160965526837419,-0.49,-1.3000000000000043,-1.3000000000000043,0.8999999999999986,-0.10000000000000142
2023-11-30,100.8639,0.15,46.8,46.8,50.2,57.2,534708.0,0.392385648842358,0.46657447328409324,0.67,-0.6000000000000014,-0.6000000000000014,-2.299999999999997,-0.8999999999999986
2023-12-31,100.6031,-0.12,46.9,46.9,53.1,64.1,530686.0,-0.2589011060650594,-0.7550294270118133,-0.27,0.10000000000000142,0.10000000000000142,2.8999999999999986,6.8999999999999915
2024-01-31,99.2223,-0.98,48.6,48.6,52.1,58.3,532364.0,-1.3820284885654506,0.31569566692654355,-0.86,1.7000000000000028,1.7000000000000028,-1.0,-5.799999999999997
2024-02-29,100.285,0.25,47.4,47.4,51.1,53.9,534797.0,1.065334502345764,0.45597697357289957,1.23,-1.2000000000000028,-1.2000000000000028,-1.0,-4.399999999999999
2024-03-31,100.4575,-0.14,49.8,49.8,49.8,58.7,534025.0,0.1718620047660912,-0.14445812946435554,-0.39,2.3999999999999986,2.3999999999999986,-1.3000000000000043,4.800000000000004
2024-04-30,100.2434,-0.36,48.9,48.9,53.7,57.5,539363.0,-0.213352387770971,0.9946159274274159,-0.21999999999999997,-0.8999999999999986,-0.8999999999999986,3.9000000000000057,-1.2000000000000028
2024-05-31,100.863,0.16,48.6,48.6,49.4,56.6,539205.0,0.6161931798148965,-0.029298106587661524,0.52,-0.29999999999999716,-0.29999999999999716,-4.300000000000004,-0.8999999999999986
2024-06-30,100.894,-0.23,48.3,48.3,51.7,56.6,546766.0,0.03073003687004655,1.3925090408296668,-0.39,-0.30000000000000426,-0.30000000000000426,2.3000000000000043,0.0
2024-07-31,99.9757,-0.38,47.4,47.4,51.8,57.1,545589.0,-0.9143304316003359,-0.21549779247443465,-0.15,-0.8999999999999986,-0.8999999999999986,0.09999999999999432,0.5
2024-08-31,100.4309,-0.08,47.7,47.7,54.6,58.8,550500.0,0.4542772371983832,0.8961011127046529,0.3,0.30000000000000426,0.30000000000000426,2.8000000000000043,1.6999999999999957
2024-09-30,99.8084,-0.28,47.3,47.3,55.5,58.2,553900.0,-0.6217580718655453,0.6157208876323653,-0.2,-0.4000000000000057,-0.4000000000000057,0.8999999999999986,-0.5999999999999943
2024-10-31,99.4695,-0.56,47.0,47.0,52.4,58.9,557567.0,-0.34012836016453935,0.6598510446450733,-0.28,-0.29999999999999716,-0.29999999999999716,-3.1000000000000014,0.6999999999999957
2024-11-30,99.2925,-0.04,48.4,48.4,53.5,65.1,561628.0,-0.1781025012705958,0.725703353310361,0.52,1.3999999999999986,1.3999999999999986,1.1000000000000014,6.199999999999996
2024-12-31,100.3273,0.31,49.2,49.2,52.6,61.7,552410.0,1.03678018845612,-1.6549184823289074,0.35,0.8000000000000043,0.8000000000000043,-0.8999999999999986,-3.3999999999999915
2025-01-31,100.0647,-0.49,50.5,50.5,53.2,63.3,552393.0,-0.2620864608518172,-0.003077471730493843,-0.8,1.2999999999999972,1.2999999999999972,0.6000000000000014,1.5999999999999943
2025-02-28,101.0993,0.38,50.0,50.0,50.8,61.4,563678.0,1.028622539084394,2.0223416996210264,0.87,-0.5,-0.5,-2.4000000000000057,-1.8999999999999986
2025-03-31,101.0404,0.16,48.9,48.9,51.6,65.0,561481.0,-0.058276530208506386,-0.3905230802351728,-0.22,-1.1000000000000014,-1.1000000000000014,0.8000000000000043,3.6000000000000014
2025-04-30,101.1279,-0.36,48.8,48.8,50.2,67.8,556545.0,0.08656154843619723,-0.8829905691783234,-0.52,-0.10000000000000142,-0.10000000000000142,-1.3999999999999986,2.799999999999997
2025-05-31,100.9655,-0.29,48.6,48.6,50.8,67.1,560152.0,-0.16071780172620428,0.6460145490459364,0.07,-0.19999999999999574,-0.19999999999999574,0.5999999999999943,-0.7000000000000028
2025-06-30,101.4785,-0.1,49.0,49.0,50.5,68.8,564683.0,0.506807905446902,0.805633627483395,0.18999999999999997,0.3999999999999986,0.3999999999999986,-0.29999999999999716,1.7000000000000028
2025-07-31,101.894,0.0,48.4,48.4,51.9,68.3,566165.0,0.40861038548213835,0.2621043408890684,0.1,-0.6000000000000014,-0.6000000000000014,1.3999999999999986,-0.5
2025-08-31,101.6247,-0.34,48.9,48.9,50.3,68.5,563874.0,-0.26464414048793244,-0.40547328699859747,-0.34,0.5,0.5,-1.6000000000000014,0.20000000000000284
2025-09-30,101.7059,-0.29,48.9,48.9,52.0,69.5,563817.0,0.07986993036619357,-0.010109152249783863,0.050000000000000044,0.0,0.0,1.7000000000000028,1.0
2025-10-31,101.257,-0.52,48.8,48.8,52.4,65.9,565689.0,-0.4423475738410949,0.3314726462782643,-0.23000000000000004,-0.10000000000000142,-0.10000000000000142,0.3999999999999986,-3.5999999999999943
2025-11-30,101.3775,-0.15,48.0,48.0,53.8,65.1,565689.0,0.1189333644607238,0.0,0.37,-0.7999999999999972,-0.7999999999999972,1.3999999999999986,-0.8000000000000114
2025-12-31,101.6296,-0.21,47.9,47.9,53.8,66.6,565689.0,0.24836582522592643,0.0,-0.06,-0.10000000000000142,-0.10000000000000142,0.0,1.5
2026-01-31,102.3412,0.18,52.6,52.6,56.1,63.0,565689.0,0.6977497632467121,0.0,0.39,4.700000000000003,4.700000000000003,2.3000000000000043,-3.5999999999999943
